customer_id,first_name,last_name,email,store_id,active
1,Amanda,Mcpherson,dawnjenkins@example.net,1,1
2,Daniel,Gross,rachelbender@example.com,2,1
3,Michele,Benton,kevin24@example.org,1,1
4,Joseph,Ryan,cmccormick@example.org,2,1
5,Laura,Carroll,tbriggs@example.com,1,1
6,Catherine,Bowen,morgan28@example.org,2,1
7,Wendy,Morgan,megan98@example.net,2,1
8,Kevin,Wolf,batesmark@example.org,2,1
9,Samantha,Mcclure,hannah10@example.com,1,1
10,Joshua,Tate,wallacebridget@example.net,2,1
11,Daniel,Townsend,christopherbarrett@example.net,1,1
12,Jeffrey,Lopez,burnskevin@example.com,2,1
13,Sean,Martinez,priscillaturner@example.org,1,1
14,Kenneth,Hunter,vanessa66@example.org,2,1
15,Jasmine,Martinez,xlopez@example.com,2,1
16,Edward,Pitts,laura70@example.org,1,1
17,Katherine,Johnston,michellegibbs@example.com,1,1
18,Stephanie,Burns,jane89@example.net,2,1
19,Cody,Wagner,vanceryan@example.org,2,1
20,Christine,Santiago,landrynoah@example.org,1,1
21,Miranda,Perez,garyrangel@example.org,1,1
22,Jose,Church,mtorres@example.org,2,1
23,Melanie,Kim,poolerobert@example.com,2,1
24,Adam,Evans,genglish@example.net,1,1
25,Julie,Webb,tvargas@example.net,2,1
26,Kathryn,Huerta,roberto72@example.org,1,1
27,Darlene,Padilla,boydjames@example.org,1,1
28,Robert,Hood,robertgutierrez@example.com,1,1
29,Brian,Mays,tonyawright@example.net,1,1
30,Marcus,Richardson,zkeith@example.net,2,1
31,Jennifer,Farmer,michellerobinson@example.com,1,1
32,Mary,Richards,stephenwalters@example.org,1,1
33,Alyssa,Elliott,fordsavannah@example.org,2,1
34,Roger,Forbes,angelabell@example.org,2,1
35,Laura,Ballard,randy17@example.org,1,1
36,Jennifer,Smith,walkerandrea@example.net,2,1
37,Sara,Stevens,brenda05@example.org,1,1
38,Matthew,Sandoval,travis87@example.com,2,1
39,Adam,Roberts,kcallahan@example.org,1,1
40,Deborah,Sanchez,gharris@example.net,1,1
41,Michelle,Clark,kimberlyfoster@example.net,2,1
42,Kathy,Walker,warelacey@example.net,1,1
43,Jorge,Burgess,rogerperkins@example.org,1,1
44,Gregory,Davis,wrightnicole@example.org,1,1
45,Alexandra,Combs,omoore@example.com,2,1
46,Richard,Chase,velezjoe@example.org,2,1
47,Leroy,Sullivan,batesjustin@example.com,2,1
48,Desiree,Reed,johnsonkara@example.org,1,1
49,Christopher,Greene,adam48@example.net,1,1
50,Teresa,Fowler,ybrown@example.com,1,1
51,Gabriella,Gray,kayla68@example.net,1,1
52,Christina,Hubbard,justinmolina@example.org,1,1
53,Valerie,Ferguson,brandon66@example.org,1,1
54,Charles,Wheeler,ykaiser@example.com,1,1
55,Daniel,Bryant,jessicanicholson@example.com,2,1
56,Brian,Jenkins,allentyler@example.org,2,1
57,Peter,Adams,jenny61@example.net,1,1
58,Ann,Green,tonyaanderson@example.org,1,1
59,Kari,Martinez,maryhobbs@example.org,1,1
60,Jared,Glenn,fross@example.com,1,1
61,Micheal,Atkinson,lauren92@example.com,2,1
62,Jeffrey,Kirby,rhenderson@example.net,2,1
63,Sharon,Barron,dvasquez@example.net,2,1
64,Ian,Ramirez,angelagreen@example.com,2,1
65,Matthew,Patterson,romerodonald@example.net,1,1
66,Johnny,Blackwell,rlewis@example.net,1,1
67,Timothy,Santos,jessica19@example.net,1,1
68,Rhonda,Carter,tacevedo@example.org,2,1
69,David,Gonzalez,justinedwards@example.org,2,1
70,Alicia,Hill,wmoss@example.org,1,1
71,April,Smith,jeremybutler@example.org,1,1
72,David,Mullen,faith03@example.org,1,1
73,John,Stone,ldouglas@example.org,2,1
74,Zachary,Spencer,pamela99@example.com,1,1
75,Leah,Shaw,tyler20@example.org,2,1
76,Alyssa,Rivera,brianmitchell@example.net,1,1
77,Shawn,Good,cookvictor@example.com,2,1
78,Mark,Martinez,emily83@example.org,2,1
79,Jenna,Jones,harrischristopher@example.com,1,1
80,Brian,Shah,pramirez@example.net,2,1
81,Karen,Wood,suttonedward@example.com,2,1
82,Sarah,Liu,tfox@example.org,2,1
83,Christopher,Carr,ztaylor@example.com,1,1
84,Sarah,Jackson,emilyruiz@example.com,1,1
85,Carlos,Molina,ramirezkelly@example.com,1,1
86,Sara,Mccoy,hcole@example.org,1,1
87,Julia,Meyers,micheleespinoza@example.org,2,1
88,Cynthia,Carr,sextonwilliam@example.org,1,1
89,Samuel,Craig,rachel11@example.com,1,1
90,Geoffrey,Robinson,james99@example.org,2,1
91,Lynn,Ortiz,frederick33@example.com,2,1
92,Thomas,Long,larry21@example.net,1,1
93,Terri,Todd,jacob86@example.net,2,1
94,Tyler,Lee,jason18@example.org,1,1
95,Melissa,Burgess,edwardsjames@example.org,1,1
96,Laura,Malone,beverly43@example.com,1,1
97,Gregory,Wiggins,fflores@example.org,2,1
98,Matthew,Hopkins,brandon38@example.net,1,1
99,Bob,Compton,georgebrown@example.net,1,1
100,Andrew,Vaughan,michellecarpenter@example.org,2,1
101,Carlos,Cox,vkennedy@example.org,1,1
102,Joanna,Smith,stevenmoore@example.net,1,1
103,Karen,Choi,sharongraham@example.com,1,1
104,Dana,Odonnell,wgarcia@example.net,1,1
105,David,Freeman,oforbes@example.com,1,1
106,Jerry,Robinson,justin19@example.net,2,1
107,Jesse,Jones,jose55@example.com,2,1
108,Pamela,Stevens,melody84@example.com,1,1
109,Edward,Dixon,brittany90@example.org,2,1
110,Joshua,Leach,monica93@example.net,2,1
111,Teresa,Wilcox,david70@example.net,1,1
112,Adam,Dalton,kennethburton@example.org,2,1
113,Marissa,Zimmerman,johnstonchelsea@example.com,2,1
114,Brittany,Butler,johnsonangela@example.org,2,1
115,Benjamin,Arellano,gmiller@example.org,2,1
116,Kimberly,Foley,murphyjane@example.com,2,1
117,Curtis,Olsen,gina33@example.com,1,1
118,Laura,Arnold,kimberlyhall@example.org,2,1
119,Joseph,Campbell,wwallace@example.com,2,1
120,James,Hamilton,john41@example.net,2,1
121,Jennifer,Coffey,thompsonmichael@example.net,2,1
122,Danielle,Nelson,williamwagner@example.net,2,1
123,Ashlee,Mccann,rmartinez@example.net,1,1
124,Cassie,Peters,cclark@example.org,2,1
125,Jasmine,Matthews,jenniferbruce@example.net,1,1
126,Megan,Stein,zacharymcdonald@example.com,1,1
127,Eric,Ferguson,rodney49@example.net,2,1
128,Pamela,Morales,pwilson@example.com,1,1
129,Austin,Blankenship,kwillis@example.org,2,1
130,Stephanie,Petersen,iedwards@example.com,2,1
131,Sandra,Perkins,frazierteresa@example.org,1,1
132,Benjamin,Weber,daniellecarey@example.org,1,1
133,Jessica,Ross,estradabeverly@example.com,1,1
134,Kevin,Payne,xrichardson@example.org,1,1
135,James,Shaw,stephenknight@example.org,2,1
136,Christopher,Ramirez,mendezkimberly@example.com,2,1
137,Eric,Duncan,gordonkelsey@example.net,1,1
138,Rachel,Gibson,samuelharris@example.net,2,1
139,Adam,Williams,kathrynreeves@example.com,2,1
140,John,Flowers,christyrichards@example.net,1,1
141,Ashley,Jackson,fandrews@example.net,1,1
142,Kyle,Lee,ruizjessica@example.org,1,1
143,Johnny,Mckinney,mathewsbrittney@example.com,1,1
144,Nicole,Martin,rhonda74@example.com,1,1
145,Alison,Anthony,christopherbrown@example.org,2,1
146,Christopher,Clark,luis76@example.net,2,1
147,Samantha,Martin,kevin13@example.net,1,1
148,Eric,Castillo,iancardenas@example.com,1,1
149,Diana,Ferguson,amcgrath@example.com,2,1
150,Wendy,Anderson,george84@example.com,1,1
151,Kathryn,Gardner,kmills@example.org,2,1
152,Debra,Blankenship,nguyenscott@example.com,1,1
153,Jonathan,Parker,qjohnson@example.com,2,1
154,Carlos,Hoover,stephenroberts@example.org,2,1
155,Lisa,Koch,pcruz@example.net,1,1
156,Antonio,Vargas,tyler39@example.net,1,1
157,David,Rogers,paige78@example.org,2,1
158,Randy,Martin,linda17@example.com,1,1
159,Brooke,Hartman,rebekahgonzales@example.net,1,1
160,William,Anderson,bbarton@example.net,1,1
161,Kathryn,Moore,amanda97@example.net,2,1
162,Michele,Payne,samuel12@example.org,1,1
163,Darrell,Martinez,arroyoangela@example.com,2,1
164,Joseph,Mendoza,clayedward@example.org,1,1
165,Stephanie,Mcfarland,elizabethsmith@example.org,1,1
166,Scott,Garcia,baileyalicia@example.net,1,1
167,Andrew,Walker,jordangarcia@example.org,1,1
168,Julie,Lutz,ijohnson@example.com,2,1
169,Kelly,Barnes,bmontgomery@example.org,1,1
170,Matthew,Lam,xwilliams@example.org,2,1
171,Nicole,Whitney,kayla18@example.net,2,1
172,Alexis,Rodriguez,robertharvey@example.net,1,1
173,Steven,Rodriguez,vanessa59@example.org,1,1
174,Jessica,Vasquez,jonesjessica@example.org,2,1
175,Stacy,Robinson,jessicaross@example.org,1,1
176,Christine,Cowan,vincent11@example.com,1,1
177,Jason,Morris,michael73@example.org,1,1
178,Gabriel,Montoya,xrich@example.com,1,1
179,Angela,Perez,kellyhart@example.net,1,1
180,Margaret,Marsh,haleykaitlin@example.com,1,1
181,John,Patrick,sdaniel@example.net,1,1
182,David,Payne,kristina15@example.org,1,1
183,Angela,Lopez,simmonschristopher@example.net,2,1
184,Tamara,Garcia,abigailgarcia@example.net,2,1
185,Charles,Hensley,david14@example.net,1,1
186,Dennis,Perez,brichards@example.net,2,1
187,Erin,Small,robert10@example.net,2,1
188,Alexandra,Mejia,james25@example.com,1,1
189,Matthew,King,stephentapia@example.org,1,1
190,Timothy,Smith,alexander45@example.com,1,1
191,Teresa,Mclaughlin,ibrock@example.org,2,1
192,Michelle,Smith,eric24@example.net,1,1
193,Jessica,Lewis,amysmith@example.com,2,1
194,Amy,Burnett,mayernathan@example.com,1,1
195,Edward,Wood,foxcaitlyn@example.com,2,1
196,Summer,Shields,danny98@example.net,1,1
197,Edwin,Bass,martinkelly@example.net,2,1
198,Debra,Smith,ellismario@example.com,1,1
199,Daniel,Casey,rspencer@example.org,1,1
200,Margaret,Martinez,xrivas@example.org,2,1
201,Kevin,Hernandez,fbooker@example.net,1,1
202,Corey,Andrews,jennifercummings@example.net,2,1
203,Veronica,Cooley,vbanks@example.org,2,1
204,Tristan,Vazquez,ygarza@example.org,1,1
205,Zachary,Flores,graylisa@example.net,1,1
206,William,Obrien,adamsdanielle@example.com,1,1
207,Yolanda,Mejia,brianrobinson@example.org,2,1
208,Kimberly,Young,mccallkristen@example.org,2,1
209,Lisa,Price,cobbrichard@example.org,2,1
210,Sarah,Wilcox,harveybethany@example.org,2,1
211,Joanna,Walls,mjones@example.net,1,1
212,Sabrina,Charles,tamaraschmidt@example.com,2,1
213,Lisa,Delacruz,qroberts@example.org,2,1
214,Richard,Silva,nicoleyork@example.net,1,1
215,Michael,Turner,thomas90@example.com,1,1
216,Gregory,Williams,danielalexander@example.net,1,1
217,Jessica,Lewis,singhbrad@example.net,2,1
218,Daniel,Owens,theresa30@example.net,1,1
219,Edwin,Gordon,marystafford@example.org,1,1
220,Allison,Wilson,ellen46@example.org,2,1
221,Ronald,Nunez,annanewton@example.net,2,1
222,Christopher,Lopez,jamie61@example.com,1,1
223,Kathleen,Aguilar,harringtonmitchell@example.net,2,1
224,Laura,Wilson,odonnellcody@example.com,2,1
225,Jennifer,Wagner,aliciabriggs@example.com,1,1
226,Anna,Juarez,fieldsjennifer@example.org,1,1
227,Jonathan,Cox,iweiss@example.com,1,1
228,Lisa,Williams,antonio37@example.org,1,1
229,Megan,Chavez,natalie87@example.net,1,1
230,Lucas,Nicholson,chambersjohn@example.com,2,1
231,Ann,Esparza,tranchristopher@example.org,2,1
232,Sarah,Clark,holmesjason@example.com,2,1
233,Douglas,Kennedy,kathleen87@example.com,1,1
234,Karen,Ellis,andrea01@example.com,2,1
235,David,Hall,matthewlarsen@example.org,2,1
236,Aaron,Bentley,richardmaria@example.org,2,1
237,Nicholas,Arnold,zmorris@example.org,2,1
238,Jason,Kramer,kimhunt@example.net,1,1
239,Steven,Black,jacqueline97@example.org,2,1
240,Ruben,Bridges,jasonwillis@example.net,1,1
241,Jessica,Willis,gfranklin@example.net,2,1
242,Gregory,Haney,ryanmason@example.org,1,1
243,Amber,Grant,ralph53@example.net,2,1
244,Lisa,Sheppard,mallison@example.net,1,1
245,Nancy,Spencer,aponce@example.com,1,1
246,Matthew,Taylor,matthewbrown@example.org,2,1
247,Angela,Yates,schultzamy@example.com,2,1
248,Abigail,Jenkins,barbarawalker@example.org,2,1
249,Carlos,Bailey,jasonewing@example.com,2,1
250,Sandra,Ibarra,umccarthy@example.net,1,1
251,Ashley,Morgan,carol15@example.net,1,1
252,Jodi,Reyes,josephclark@example.com,2,1
253,Brandon,Washington,orrwilliam@example.net,2,1
254,Martha,Miller,kaylagoodwin@example.com,2,1
255,Morgan,Nelson,keithamy@example.org,1,1
256,Nathan,Simon,christianmiller@example.com,2,1
257,Andrea,Strickland,samantha59@example.com,1,1
258,Amber,Owens,pettypeter@example.net,1,1
259,Crystal,Hess,anthonyhoward@example.net,2,1
260,Timothy,Allen,uhoward@example.com,1,1
261,Jason,Cunningham,eduardosmith@example.net,2,1
262,Melissa,Long,watkinskelly@example.org,1,1
263,Steve,Bennett,orobertson@example.com,2,1
264,Blake,Gomez,jennifervaughn@example.org,1,1
265,Evan,Adams,tiffany81@example.com,1,1
266,Angela,Armstrong,matthewlyons@example.com,1,1
267,Michele,Smith,garciacheyenne@example.org,1,1
268,Ian,Thompson,beverly37@example.com,1,1
269,Thomas,Robinson,vjackson@example.org,2,1
270,James,Sweeney,washingtonkelly@example.com,2,1
271,Wyatt,Robertson,uwilliams@example.com,1,1
272,Laura,Rodriguez,warrenmccoy@example.com,2,1
273,Joseph,Clark,ulandry@example.org,2,1
274,Andrew,Ball,hamptonkelly@example.com,2,1
275,Alyssa,Ray,hmyers@example.net,2,1
276,Joseph,Smith,udunlap@example.net,2,1
277,Stephanie,Martin,dnielsen@example.com,1,1
278,Isaac,Bennett,patrickwood@example.net,1,1
279,Brandon,Zuniga,williamsjenna@example.com,2,1
280,Michael,Campbell,dcarlson@example.com,2,1
281,Angela,Roberts,mjackson@example.net,2,1
282,Aaron,Hays,anna05@example.org,2,1
283,Heather,Leach,websterann@example.com,2,1
284,Mary,Eaton,oheath@example.com,2,1
285,Suzanne,Burke,wgutierrez@example.com,2,1
286,James,Gibson,virginia37@example.com,2,1
287,William,Lewis,megansmith@example.com,2,1
288,David,Reeves,fmedina@example.org,1,1
289,Samuel,Johnson,robert64@example.org,1,1
290,Ryan,Patton,romerokristen@example.org,2,1
291,Paul,Avery,garciamarcus@example.com,2,1
292,Chad,Woods,gabriellemorales@example.com,1,1
293,Natasha,Marsh,aguilarwendy@example.org,2,1
294,Meredith,Lopez,adamskristina@example.com,1,1
295,Jamie,Knight,sanchezmeghan@example.com,1,1
296,Donald,Montgomery,jessicabrady@example.org,1,1
297,Evan,Brown,leahhunt@example.org,1,1
298,Katherine,Wiggins,kathleen83@example.com,2,1
299,Marie,Maldonado,aaron74@example.org,2,1
300,Elizabeth,Stark,robinsonchristina@example.com,1,1
301,Sarah,Perez,sandersvictor@example.net,2,1
302,Erica,Fleming,tbrown@example.org,1,1
303,Joseph,Allen,rbernard@example.com,2,1
304,Andrea,Rivera,rgarcia@example.com,2,1
305,Jo,Holmes,dennisanderson@example.net,2,1
306,Christopher,Serrano,ortegaann@example.net,1,1
307,Ashlee,Ramos,johnsonpatricia@example.com,2,1
308,Crystal,Rodriguez,zavalapatricia@example.org,2,1
309,Henry,Anderson,daniel24@example.org,1,1
310,Jennifer,Cobb,kevin57@example.net,1,1
311,Brittany,May,levykatie@example.com,2,1
312,Lindsey,Spencer,mahoneyannette@example.com,2,1
313,Jennifer,Gomez,nicholas88@example.net,2,1
314,Chad,Espinoza,williambarber@example.net,2,1
315,Sonia,Griffin,robertsstephen@example.com,2,1
316,Jesus,Rice,qkrueger@example.org,1,1
317,Angelica,Ramirez,bboyer@example.net,1,1
318,Juan,Howe,canderson@example.net,2,1
319,Micheal,Cooper,mburke@example.org,1,1
320,Alisha,Frey,nhicks@example.net,2,1
321,Joseph,Knight,escobarmargaret@example.com,2,1
322,Zachary,Bradley,bryanhurst@example.net,1,1
323,Kenneth,Simpson,daniel18@example.com,2,1
324,Jeffrey,Coleman,ggill@example.com,1,1
325,Shelby,Mercer,shannon25@example.org,1,1
326,Nicholas,Tran,joshuacochran@example.org,2,1
327,Richard,Lin,gallagherjohn@example.net,2,1
328,Natalie,Moran,briancole@example.org,2,1
329,Ryan,Clark,anthonyhooper@example.org,1,1
330,Paige,Hunter,jeffrey04@example.com,1,1
331,Tammy,Mendoza,emily80@example.org,2,1
332,Jessica,Ramos,qalvarez@example.com,1,1
333,Hannah,Ellis,hansenjames@example.org,2,1
334,Timothy,Robbins,dgarcia@example.com,2,1
335,Devin,Mclean,andersonjennifer@example.com,1,1
336,Nichole,Simpson,roy01@example.org,2,1
337,Hannah,Walls,justinthomas@example.net,2,1
338,Brandon,Kelly,aescobar@example.org,2,1
339,Shaun,Fisher,james88@example.net,2,1
340,Nathan,Hensley,freytrevor@example.org,1,1
341,Melinda,Ortiz,daniellewilliams@example.com,1,1
342,Elizabeth,White,kramerjames@example.net,2,1
343,Jennifer,Collins,hannah47@example.org,1,1
344,Katrina,Graham,corey45@example.org,2,1
345,Deborah,Ruiz,kimberly78@example.com,1,1
346,Cindy,Walls,emily03@example.com,2,1
347,Joseph,Holmes,clynch@example.org,2,1
348,Ryan,Ware,elizabeth93@example.com,1,1
349,Jennifer,Hopkins,jennifermoore@example.net,2,1
350,Michael,Orr,gsimmons@example.org,2,1
351,Richard,Johnson,mwilson@example.com,1,1
352,Philip,Young,amber00@example.org,1,1
353,Christopher,Montgomery,jodikey@example.com,1,1
354,Gabriela,Nguyen,nperez@example.org,1,1
355,Melissa,Hanson,hdavies@example.com,1,1
356,Luis,Gutierrez,andersonwhitney@example.org,1,1
357,Brad,Love,michael70@example.net,2,1
358,Charles,Davis,vrios@example.org,2,1
359,Robert,White,leslie45@example.org,1,1
360,Rachel,Morales,timothyjohnson@example.com,2,1
361,Seth,Chung,elawrence@example.com,1,1
362,Kathy,Navarro,jonathonpierce@example.net,1,1
363,Denise,Fuller,kyle07@example.com,1,1
364,Scott,Adams,melissa10@example.org,1,1
365,Yvonne,Mejia,brianlowe@example.com,2,1
366,Sheila,Weber,terry65@example.org,1,1
367,Karen,Brown,jeffreyherman@example.net,1,1
368,Jessica,Hartman,josephjordan@example.net,2,1
369,Wanda,Johnson,jonathanblake@example.net,1,1
370,Wayne,Phillips,george93@example.org,1,1
371,Justin,Warren,jenniferleon@example.com,1,1
372,Kelly,Savage,david05@example.org,1,1
373,Heather,Mckinney,amy81@example.net,2,1
374,Sheryl,Wise,ifarley@example.com,1,1
375,Casey,Booth,barberann@example.org,2,1
376,Kimberly,Savage,kimberly85@example.com,2,1
377,Maria,Thomas,leahbutler@example.org,1,1
378,Lisa,Lucas,dsmith@example.org,1,1
379,John,Warren,gfernandez@example.com,2,1
380,Brenda,Stevens,ajones@example.org,2,1
381,Eric,Wright,sarachurch@example.com,1,1
382,Daniel,Murillo,michaelirwin@example.com,2,1
383,Timothy,Walker,paulwells@example.net,2,1
384,Laura,James,npeterson@example.com,1,1
385,Kristina,Thomas,egould@example.org,2,1
386,Holly,Sutton,hpratt@example.org,1,1
387,Jessica,Kerr,dscott@example.org,2,1
388,Samuel,Johnson,tkirby@example.net,2,1
389,Courtney,Thomas,grahamrachael@example.org,1,1
390,Jeffrey,Washington,julia30@example.net,1,1
391,Arthur,Grant,smithkenneth@example.org,1,1
392,Amanda,Gallegos,hudsonashley@example.com,2,1
393,Amy,Byrd,louismartinez@example.com,1,1
394,Rebecca,Smith,codybaldwin@example.org,1,1
395,John,Myers,edward28@example.net,1,1
396,Brad,Williams,julieellison@example.net,2,1
397,Nicholas,Harris,deborah35@example.net,1,1
398,Jennifer,Jones,jacob05@example.net,2,1
399,Robert,Myers,jarnold@example.org,2,1
400,Keith,King,luiskennedy@example.org,2,1
401,David,Frederick,welchsamantha@example.org,2,1
402,Mary,Dixon,michael56@example.net,2,1
403,Jerome,Riggs,shepherdjeremy@example.com,2,1
404,Stephanie,Howard,kelleybarbara@example.net,2,1
405,Katherine,Powers,christopherwelch@example.com,1,1
406,Gail,Rodriguez,brianhull@example.com,1,1
407,Janice,Mays,ryanvictoria@example.org,2,1
408,Crystal,Palmer,tlopez@example.org,1,1
409,Michael,Horton,gmaldonado@example.net,2,1
410,Lauren,Young,stephenbailey@example.org,2,1
411,James,Adkins,ghernandez@example.org,1,1
412,Joshua,Rivera,karenfrost@example.com,2,1
413,Maria,Faulkner,znavarro@example.com,2,1
414,James,Hall,carrieclark@example.com,1,1
415,Christopher,Moore,egreene@example.net,1,1
416,Andrew,Patton,daniel55@example.net,2,1
417,Stephanie,Stone,crosschristopher@example.org,2,1
418,Christy,Anderson,leahharris@example.org,1,1
419,Angela,Mckinney,middletoncassandra@example.org,1,1
420,Anita,Smith,david61@example.net,2,1
421,Laura,Cole,williamsstacy@example.org,2,1
422,Micheal,Lopez,dixonsteven@example.net,2,1
423,David,Davis,elizabethlee@example.com,1,1
424,Hannah,Roberts,jamiereeves@example.net,2,1
425,Michael,Taylor,jeremy86@example.net,1,1
426,Kaitlyn,Chaney,odonnellkenneth@example.net,1,1
427,Brady,Walls,emilyford@example.com,2,1
428,Jo,Gray,qthompson@example.com,2,1
429,Nancy,Wheeler,skoch@example.net,1,1
430,Chris,Martin,haysolivia@example.org,1,1
431,Crystal,Sims,abecker@example.org,1,1
432,Robert,Thompson,hnoble@example.org,2,1
433,Nicholas,Gonzales,leekevin@example.com,1,1
434,Melissa,Miller,jaytanner@example.com,2,1
435,Craig,Evans,pboone@example.com,2,1
436,Kimberly,Cole,twhitney@example.org,2,1
437,Alex,Henry,justinweaver@example.net,2,1
438,David,Howard,kenneth34@example.org,2,1
439,Gabriela,Baldwin,hillhailey@example.com,1,1
440,Christine,Dean,hallmelanie@example.net,2,1
441,Brian,Davidson,joannalewis@example.net,1,1
442,Rebecca,Carroll,shannon22@example.org,2,1
443,Stephanie,Welch,sarahjohnson@example.net,2,1
444,Jacob,Torres,kwilliams@example.org,1,1
445,Ronald,Gonzales,richardsonelizabeth@example.org,2,1
446,Rhonda,Gray,faith01@example.net,2,1
447,Sarah,Thompson,dennis27@example.net,1,1
448,Kyle,Fitzgerald,ibarnes@example.net,1,1
449,Kiara,Cruz,robert19@example.net,2,1
450,Donna,Campbell,hartashley@example.com,1,1
451,Catherine,Morton,butlerallison@example.org,1,1
452,Kim,Ellison,holly97@example.net,2,1
453,Elizabeth,Boyer,jeremy12@example.org,1,1
454,Destiny,Brooks,spowers@example.org,2,1
455,Christina,Conway,kayla76@example.com,2,1
456,Gregory,Keith,erinhogan@example.net,1,1
457,Margaret,Green,nathaniel49@example.net,1,1
458,Rose,Brown,cathystuart@example.net,1,1
459,Penny,Ramirez,lucaspamela@example.net,2,1
460,James,Silva,thomas04@example.net,2,1
461,Shaun,Stanley,edwardsshannon@example.org,1,1
462,Christopher,Wilson,gutierrezdeborah@example.net,1,1
463,Gregory,Moore,brian53@example.com,2,1
464,Ryan,Ayala,michellegonzalez@example.com,2,1
465,Joseph,Roman,lewisluis@example.org,2,1
466,Kathleen,Brewer,brownjohn@example.com,2,1
467,Jamie,Chapman,jennifer33@example.org,2,1
468,Lindsey,Green,zlee@example.com,2,1
469,Ashley,Martinez,rubioholly@example.com,2,1
470,David,Moon,cochranjonathan@example.org,2,1
471,Kathy,Floyd,pspencer@example.org,2,1
472,John,Brown,kristin59@example.org,2,1
473,Jorge,Bryan,perezleah@example.org,1,1
474,Jennifer,Grant,joseph99@example.com,2,1
475,Bobby,Smith,rebekah07@example.org,2,1
476,Aaron,Turner,brianlong@example.net,1,1
477,Emma,Watkins,kristensellers@example.org,1,1
478,Terry,Holmes,katherinesanchez@example.com,2,1
479,Cynthia,Wells,parkerjamie@example.org,2,1
480,Erica,Wood,kelly21@example.com,1,1
481,Ryan,Morris,smithcynthia@example.org,2,1
482,Rachel,Ritter,qbrooks@example.com,2,1
483,Mark,Martin,ariana46@example.net,2,1
484,Sara,Johnson,kristi14@example.com,2,1
485,John,Wilson,evan76@example.org,1,1
486,Lindsay,Jacobs,michael45@example.org,1,1
487,Larry,Wilson,darren49@example.com,2,1
488,Antonio,Francis,thomas74@example.org,2,1
489,Natalie,Powell,jessica29@example.net,2,1
490,Douglas,Allen,rasmussenlevi@example.org,1,1
491,Susan,Peck,tracyvincent@example.org,1,1
492,Crystal,Roberts,zdennis@example.com,2,1
493,Aaron,Trevino,vwilkerson@example.com,1,1
494,Lisa,Davies,qkirby@example.net,1,1
495,John,Delacruz,cookediana@example.net,2,1
496,Devin,Wright,melissa54@example.net,1,1
497,Zachary,Roy,matthew20@example.com,1,1
498,Courtney,Rodriguez,stevenolsen@example.com,1,1
499,Sara,Pearson,fjohnson@example.com,2,1
500,Joseph,Kirby,jenniferbishop@example.org,1,1
