film_id,title,genre_id
1,Check admit rest piece,8
2,Without Democrat beat,5
3,Area quickly high,8
4,Audience,3
5,Side deep,4
6,South nor bag,3
7,Build authority table,4
8,Reveal score,3
9,Couple painting,6
10,Standard four reflect,2
11,Weight trouble,7
12,Of behavior garden,3
13,Order determine,6
14,Whose by stop,2
15,Majority participant,5
16,Community bar wear,6
17,Past war,1
18,Per opportunity,1
19,Somebody white likely if,8
20,Identify page season,2
21,Apply,4
22,War relationship,7
23,Exactly determine high,1
24,Agree something,7
25,Drug each property,8
26,Purpose ready impact,3
27,Recent final,8
28,Poor citizen true,7
29,Maintain treatment six,3
30,Music then contain part,3
31,Pretty third sort,5
32,Matter the too,5
33,Little knowledge bag,7
34,Or among,5
35,They reality strong contain,3
36,Reveal social,6
37,Long then,5
38,Increase yourself,4
39,Drug down response,6
40,Night police,3
41,House manager,5
42,Really trial task expert,5
43,Growth lot,4
44,Number notice on,1
45,Speech quickly,3
46,Different follow look,3
47,Myself industry what,7
48,Parent once give,8
49,Well,4
50,Particularly president finally,5
51,Must yard,5
52,Social relationship people,6
53,Brother fast person adult,7
54,Fire its parent,8
55,Four new,5
56,Federal role,4
57,Leg various know,3
58,Above boy,4
59,Contain policy,7
60,Will,8
61,Present peace,7
62,Avoid window finish,3
63,Mean wish,4
64,There word,8
65,Health this,7
66,Popular story already,2
67,Evidence reveal teacher teacher,5
68,Raise most base security,5
69,Radio student most,6
70,Blood,3
71,Chance authority,4
72,Drive,5
73,Effort red rule,4
74,Degree management,5
75,Week friend pick,2
76,Important force message,7
77,Analysis outside,6
78,Happy marriage call,5
79,Door or different,3
80,Oil idea,6
81,Available language,8
82,Store eye,1
83,Talk least skill,6
84,Pull read wide,4
85,Page difficult value,8
86,Society use bed meeting,3
87,Board usually green will,3
88,Dark get,6
89,Have rich,3
90,Apply though other,5
91,Civil protect heavy,8
92,Organization debate,7
93,Themselves treatment,2
94,Reach free material,8
95,Quickly hold responsibility,4
96,Type half throughout,3
97,Car green music,8
98,Write involve sell,7
99,Dark prepare,7
100,Me more seem argue,7
